,ESP_A01,ESP_A02,ESP_A03,ESP_B,ESP_C10-12,ESP_C13-15,ESP_C16,ESP_C17,ESP_C18,ESP_C19,ESP_C20,ESP_C21,ESP_C22,ESP_C23,ESP_C24,ESP_C25,ESP_C26,ESP_C27,ESP_C28,ESP_C29,ESP_C30,ESP_C31-32,ESP_C33,ESP_D35,ESP_E36,ESP_E37-39,ESP_F,ESP_G45,ESP_G46,ESP_G47,ESP_H49,ESP_H50,ESP_H51,ESP_H52,ESP_H53,ESP_I,ESP_J58,ESP_J59-60,ESP_J61,ESP_J62-63,ESP_K64,ESP_K65,ESP_K66,ESP_L68,ESP_M69_70,ESP_M71,ESP_M72,ESP_M73,ESP_M74-75,ESP_N,ESP_O84,ESP_P85,ESP_Q,ESP_R-S,,
ESP_A01,"0,456847342","0,000184795","0,000209848","0,000386869","1,361012531","0,009567704","0,001370782","0,001914615","0,000461904","0,000520855","0,044761029","0,017190575","0,010114647","0,001913823","0,002498956","0,002484656","0,002308748","0,002521987","0,007478042","0,008976945","0,001028992","0,001908709","0,001984064","0,004232552","0,000423767","0,001420675","0,041300507","0,002339895","0,012242008","0,009331529","0,003687442","5,95E-05","0,002199389","0,005000214","0,000230736","0,114602444","0,000452243","0,001055734","0,00106364","0,001205823","0,003413873","0,001593695","0,000267506","0,02243721","0,002992926","0,000770551","0,001449633","0,000323633","0,000753312","0,016876494","0,006630176","0,005279449","0,037348284","0,00497387",0,0
ESP_A02,"0,000794895","0,000411315","3,23E-07","1,02E-05","0,002286819","9,34E-06","0,001376684","0,000191417","1,91E-06","0,000113184","6,82E-05","6,59E-06","2,59E-05","2,36E-05","4,08E-05","3,38E-05","6,01E-06","8,75E-06","1,95E-05","1,11E-05","1,85E-06","0,000112712","9,17E-06","0,000122565","7,62E-07","1,74E-06","0,000726442","1,03E-06","4,04E-05","3,78E-05","3,73E-06","2,25E-08","1,01E-06","7,01E-06","2,70E-07","0,000124112","1,51E-07","7,63E-07","4,53E-07","5,51E-07","1,91E-06","1,58E-06","1,25E-07","2,24E-05","1,99E-06","2,56E-06","3,01E-05","1,90E-07","7,63E-07","2,62E-05","2,74E-05","6,07E-06","1,77E-05","6,48E-06",0,0
ESP_A03,"0,007346185","7,47E-06","0,004186231","3,37E-07","0,045588573","0,001289582","4,29E-06","0,000285679","3,81E-06","7,46E-07","0,002752919","0,000825427","5,84E-05","1,74E-05","2,71E-05","7,59E-06","2,18E-06","5,84E-06","1,69E-05","9,72E-06","8,83E-07","0,000634066","1,57E-06","2,98E-05","1,22E-07","1,58E-06","1,41E-05","5,57E-05","0,000336212","0,001381311","0,000475255","2,66E-05","0,00012791","0,000103651","9,65E-07","0,055681646","8,13E-06","0,000163005","5,19E-06","8,36E-06","0,000171008","0,000102486","1,55E-06","8,80E-06","1,88E-05","3,76E-06","0,0001076","1,92E-05","4,98E-06","0,000272347","0,000388348","0,000894921","0,004837162","0,00052203",0,0
ESP_B,"0,008247278","0,00028336","2,28E-05","0,013545696","0,014399929","0,008313289","0,006286929","0,014670029","0,001575883","0,23012283","0,196774812","0,014779364","0,030998004","0,026179526","0,065825724","0,006292805","0,01066048","0,007991455","0,006477103","0,007990204","0,000662682","0,003307581","0,001192348","0,160955872","0,000644146","0,000901489","0,036547281","0,001144447","0,004045977","0,001380989","0,002339493","1,62E-05","0,000815013","0,002034675","0,000129658","0,002054258","0,000128489","6,75E-05","0,000529484","0,000214509","0,000664539","0,000378979","4,73E-05","0,004596613","0,000679467","0,00776553","0,001741466","8,14E-05","0,000674074","0,002542705","0,004179021","0,001118547","0,014791468","0,002097904",0,0
ESP_C10-12,"2,070049051","0,003579646","0,029544684","0,008554243","10,12576578","0,45007632","0,041169697","0,148889827","0,015369378","0,027816824","1,678558051","1,328944444","0,179656558","0,055963014","0,065157984","0,05657541","0,078140452","0,06963552","0,151379994","0,184623238","0,019588066","0,042601656","0,029427762","0,031856981","0,001901411","0,016485944","0,149751326","0,052444078","0,186769817","0,411812383","0,152178148","0,007532044","0,066304008","0,047433454","0,001634806","7,889404118","0,007851885","0,051417343","0,017806559","0,027977916","0,08704799","0,049016842","0,004163639","0,161173328","0,04693963","0,016473534","0,042708519","0,009067479","0,049283501","0,20731555","0,153650431","0,266211347","2,885621848","0,17266966",0,0
ESP_C13-15,"0,271842729","0,014310503","0,00625577","0,0212696","0,280527833","11,89575197","0,064096129","0,463583502","0,057290416","0,023915442","0,598022602","0,149245794","1,027059532","0,51668615","0,140617857","0,379940538","0,213301829","0,208291097","0,639672118","1,223874096","0,184136025","0,930761826","0,033628899","0,01515968","0,004689846","0,02796009","0,733526703","0,494652194","0,360833711","0,613336669","0,120268595","0,001365982","0,025568166","0,088768242","0,001512736","0,334885732","0,037865228","0,011551808","0,008433452","0,014880803","0,22417464","0,110923347","0,03276545","0,127004624","0,150383539","0,075934202","0,09078105","0,01462135","0,061491414","0,328186924","0,31829447","0,096194605","1,1951455","0,352668298",0,0
ESP_C16,"0,038752029","0,001624217","0,000595002","0,009294378","0,055718364","0,017490131","1,942680953","0,084009807","0,020528942","0,001676954","0,072915594","0,014450548","0,04464506","0,036763068","0,032984297","0,115002634","0,025169628","0,043176481","0,086034202","0,045422114","0,01009743","0,303320541","0,023235416","0,043389473","0,000559045","0,002800893","1,41828638","0,010833741","0,064846313","0,066621183","0,003546239","3,26E-05","0,002406966","0,003426168","0,000256367","0,006775364","0,001411197","0,000608629","0,001301832","0,002273502","0,005511833","0,002451754","0,000762518","0,01863507","0,00734404","0,009000486","0,002162603","0,001307636","0,006018865","0,022205431","0,043676705","0,006372886","0,074545508","0,012723171",0,0
ESP_C17,"0,08051188","0,01615572","0,000928465","0,035095889","2,259000604","0,160460639","1,040660059","6,730426868","2,707183885","0,017425347","1,949599462","0,408164782","0,593874001","0,375695923","0,151072035","0,410112317","0,137086198","0,22947919","0,490063607","0,18008331","0,055397791","0,20148021","0,041407166","0,036818511","0,00486462","0,025022547","0,443596158","0,159107522","0,621246512","0,769722635","0,07948855","0,001940043","0,015238154","0,088993082","0,023577625","0,377999222","0,016473654","0,012389624","0,055807201","0,237554999","0,227154964","0,076834322","0,060287412","0,09386981","0,335485281","0,1412965","0,124319125","0,147534034","0,085510502","0,391722626","0,610100344","0,147175834","0,440356812","0,302151111",0,0
ESP_C18,"0,003180841","0,000539667","4,40E-05","0,001637171","0,073359411","0,00750461","0,031607768","0,194146858","0,08504591","0,000405929","0,051802187","0,017595303","0,024170865","0,015136833","0,101114041","0,073759063","0,103143941","0,074274342","0,098751706","0,051753524","0,010516431","0,070091377","0,049800546","0,004077594","0,001216725","0,001912631","0,062281119","0,012205221","0,039242695","0,02961374","0,005111364","7,62E-05","0,003144142","0,004521871","0,000892608","0,013446295","0,009168931","0,005650474","0,048352533","0,028810757","0,012223643","0,004819247","0,002388876","0,016806099","0,01561177","0,01145987","0,005451805","0,018268498","0,004622818","0,025767803","0,024768871","0,007859818","0,049228574","0,016085105",0,0
ESP_C19,"0,414156612","0,018246191","0,000623814","0,078671509","0,597304772","0,302367483","0,296152218","0,498893125","0,071130998","0,298731337","8,205956337","0,380301166","1,321968061","0,374695787","0,50178414","0,272224156","0,434857575","0,323164627","0,184740267","0,187064455","0,014915986","0,127379382","0,028192033","0,062634585","0,009858809","0,052815195","0,525326652","0,049025497","0,304033858","0,128293225","0,512095924","0,004202746","0,239523536","0,047901825","0,011426378","0,141954116","0,014970887","0,003675961","0,008205124","0,02177952","0,04083639","0,01437674","0,00457993","0,057810347","0,084058598","0,040004073","0,066249467","0,006241084","0,020030461","0,117876773","0,106342568","0,090017881","0,346113408","0,121829177",0,0
ESP_C20,"3,96399134","0,103793766","0,002307022","0,636526908","6,415196185","3,73699513","3,115919263","5,94666726","0,851658919","3,036859044","103,812144","4,936112418","16,68842543","3,731500719","4,069627495","3,274992376","5,456136673","3,783225222","1,810388546","2,15428243","0,144462099","1,663747176","0,237110944","0,116040249","0,091982591","0,099297868","4,471082643","0,231810283","0,794826594","0,313761426","0,138226682","0,000993759","0,064017887","0,094153748","0,005811982","0,633220771","0,025861446","0,008207878","0,034860632","0,027532","0,141430149","0,062627995","0,018504418","0,464141136","0,152990016","0,247075765","0,778376704","0,020683666","0,209909156","0,857427086","0,338749254","0,228887497","3,128000539","0,744409984",0,0
ESP_C21,"0,287283331","0,002983278","0,000220701","0,017010635","3,056147009","0,127868688","0,09720927","0,264842205","0,067717463","0,075883037","2,784816304","28,70186455","0,52531338","0,100840998","0,096692888","0,088889396","0,154626237","0,115160612","0,103628408","0,129205281","0,011951011","0,095979655","0,017640722","0,006745773","0,002546917","0,009469938","0,129588362","0,02057229","0,801261217","0,045394493","0,008677167","0,000115089","0,006561686","0,006820156","0,000746435","0,05688186","0,002277996","0,001990652","0,007612778","0,008496941","0,01387192","0,006113552","0,002012926","0,040293256","0,017061465","0,012825107","0,688198695","0,00369965","1,203053062","0,049358504","0,22310635","0,031582583","40,2875008","0,030599007",0,0
ESP_C22,"0,301088035","0,006288032","0,003763579","0,082164329","3,020453252","0,401787702","0,435331421","0,393075248","0,484516327","0,042454485","1,416062444","0,417371379","2,863704084","1,190626048","0,300676881","0,913668131","0,475493329","1,675967704","2,75750202","3,368687493","0,485738234","1,069226288","0,2499026","0,080346782","0,089460818","0,077033639","8,17841206","1,257493015","1,202793301","0,756148467","0,363814193","0,001196238","0,019087677","0,175572828","0,005912652","0,141528741","0,053816013","0,008412663","0,052487866","0,092870866","0,203855951","0,114554213","0,049054376","0,209634719","0,137370381","0,24737229","0,063905701","0,057914139","0,086135254","0,440764231","0,179457762","0,128170648","1,579999686","0,333043056",0,0
ESP_C23,"0,115742611","0,001296953","0,005021028","0,043972094","0,467177926","0,080253418","0,387303147","0,054679684","0,008916398","0,023263465","0,8844569","0,223436937","0,657628783","4,037326405","0,303798351","0,627521126","0,216843715","0,726329436","0,469528892","0,455792897","0,102210004","0,159518503","0,152623488","0,051526403","0,06723421","0,01063216","15,00685676","0,134826455","0,102804167","0,072505383","0,11310903","4,36E-05","0,004219393","0,062547028","0,000248754","0,012292476","0,001181419","0,000936549","0,006387067","0,003033517","0,006956242","0,003637149","0,00084743","0,369752382","0,017972002","0,045995528","0,021891898","0,000940768","0,015805316","0,125414532","0,347862091","0,009691545","0,127144052","0,016450101",0,0
ESP_C24,"0,037715011","0,003025096","0,000158041","0,117085417","0,217049919","0,030707372","0,399882957","0,308346404","0,058587986","0,018417107","1,334162272","0,126388912","1,409988414","0,80712355","57,06029443","30,86953327","1,02538816","8,146131295","14,8260808","4,791120012","0,86239376","16,15128596","1,925509633","0,22560536","0,122902767","0,040663434","7,704714059","0,141369241","0,149351995","0,017595849","0,262872194","9,23E-05","0,006459511","0,007250054","0,00036852","0,026513617","0,002117646","0,00112492","0,006481333","0,003741224","0,010395993","0,005358863","0,001409417","0,049178076","0,00940351","0,082594472","0,009033266","0,001157713","0,002319353","0,031446178","0,098467322","0,013775175","0,049771489","0,020257797",0,0
ESP_C25,"0,219595251","0,039415526","0,001569016","0,061962912","1,167110046","0,091089992","0,349187723","0,04272884","0,028713469","0,012184419","0,275681522","0,106693472","0,441039017","0,287620595","2,686371744","8,498546465","0,433638706","2,325463006","8,847231579","3,838431076","0,827320712","1,058744005","1,029641074","0,114471818","0,016397227","0,02887694","6,112075773","1,120013635","0,737665772","0,17807882","0,166328173","0,000969991","0,034217961","0,070462005","0,002008211","0,322508097","0,021871706","0,00595065","0,043113224","0,01765713","0,081453162","0,041240911","0,01425703","0,175163711","0,061054423","0,172073035","0,053508757","0,008628868","0,011464416","0,154620725","0,303168225","0,155555499","0,294987485","0,132660024",0,0
ESP_C26,"0,01507031","0,00217165","0,000298914","0,003240401","0,021963043","0,010716383","0,007099709","0,009491527","0,014443126","0,003717887","0,094416039","0,028805492","0,061130102","0,011172758","0,032577289","0,113643168","1,986541893","1,588363419","1,207569582","0,785871381","0,232560598","0,279780837","1,134173461","0,091723762","0,014400746","0,005597106","0,896181774","0,127014446","0,248788376","0,049066132","0,02109826","0,000103262","0,014601282","0,006888899","0,000404888","0,008397746","0,00160315","0,098295217","0,9509335","0,4282872","0,00936759","0,00655655","0,001057743","0,029997422","0,019305232","0,122452539","0,023996736","0,003148862","0,008331702","0,039033361","0,037664117","0,008377755","0,185734588","0,081585347",0,0
ESP_C27,"0,055459655","0,005021021","0,003317689","0,011418103","0,075667249","0,016517353","0,023610159","0,015453155","0,011977134","0,003497348","0,056962686","0,040210279","0,133055467","0,037476042","0,368740935","0,59335288","1,354370992","9,858556553","6,557344725","2,533115862","0,564594708","0,481365393","3,280673858","0,822076029","0,005362743","0,014940303","8,769182737","0,917839773","0,411631508","0,129611275","0,056846174","0,000185368","0,015370992","0,024201393","0,001224071","0,036721015","0,002580055","0,019526289","0,372663155","0,136110759","0,01888319","0,023075405","0,003734786","0,059474222","0,024692512","0,298217222","0,011655577","0,013058264","0,004638496","0,06604012","0,183401552","0,054656392","0,194092013","0,3631275",0,0
ESP_C28,"0,106965336","0,016396941","0,000892801","0,17383571","0,36748303","0,081384127","0,235759892","0,104211055","0,115463274","0,007471056","0,112314","0,145579205","0,302591345","0,274290065","0,58080876","1,103072824","0,454781311","2,258786152","25,19773074","15,34784994","0,900758596","0,323954278","2,025133126","0,25622953","0,010143394","0,044432011","4,53670554","1,628041009","0,850018857","0,06830992","0,12470171","0,000595668","0,049212722","0,028622937","0,002857129","0,038155862","0,004757408","0,010280355","0,105855793","0,056443667","0,026626667","0,014828257","0,003078956","0,09470719","0,026935626","0,698549024","0,011604623","0,003836266","0,006359514","0,219030498","0,089962045","0,027087064","0,177316679","0,084039731",0,0
ESP_C29,"0,039768769","0,002108298","0,000398669","0,023678726","0,148715652","0,030873366","0,053295532","0,026001028","0,02391148","0,004285608","0,138571763","0,069603487","0,16516754","0,108628128","0,310672002","0,519343216","0,167734661","1,240151738","8,685816409","80,05939906","1,185425981","0,274819866","0,465541263","0,060712008","0,004134556","0,036386285","1,406048508","12,48115575","0,204643968","0,123780955","1,506304575","8,96E-05","0,00910534","0,436303014","0,000693572","0,033828143","0,002772116","0,002452512","0,026028415","0,019850547","0,013433365","0,007938411","0,002187096","0,0468479","0,033221897","0,156512219","0,010351189","0,002698342","0,005049904","0,177599379","0,141452152","0,014444418","0,123924194","0,29799262",0,0
ESP_C30,"0,0314631","0,007467603","0,000296601","0,010613167","0,03753973","0,006581079","0,012239341","0,009714641","0,003396161","0,004960177","0,020563507","0,013010442","1,602163936","0,017791717","0,046944482","0,157026599","0,053170765","2,998408409","0,333688971","0,687550542","11,53890319","0,020999111","6,102356865","0,065233578","0,004607173","0,006665335","0,265164185","0,037169484","0,063300529","0,012230645","0,363799774","0,000303567","0,725822535","0,01358799","0,001013682","0,010216098","0,001227666","0,00146141","0,018463147","0,007933556","0,010424359","0,006522708","0,000697293","0,030153722","0,009370105","0,11116844","0,007980427","0,000934655","0,001217785","0,042134002","0,031347124","0,007863338","0,040575806","0,048927658",0,0
ESP_C31-32,"0,027177707","0,001877332","0,000361672","0,009818608","0,100501093","0,143308226","0,161331","0,034968256","0,02147084","0,004678803","0,179325256","0,075168805","0,110034572","0,087591466","0,17433686","0,30506793","0,353798006","0,542473289","0,626278143","0,649437525","0,257628236","1,943164651","0,242059371","0,023538544","0,006549051","0,022400474","0,534677464","0,117850214","0,125592851","0,081071661","0,026537992","7,73E-05","0,017541866","0,010650021","0,000786897","0,0414801","0,021915079","0,007683228","0,063873225","0,030230072","0,030831327","0,011741688","0,001600203","0,070151507","0,071555983","0,089559415","0,01331972","0,004817603","0,10954468","0,123421321","0,065519221","0,058288174","1,5566747","0,10968311",0,0
ESP_C33,"0,118771173","0,028904704","0,001048521","0,016198493","0,057456842","0,009132512","0,020269585","0,030362538","0,009878334","0,01387257","0,047241862","0,034475652","0,031856876","0,021298497","0,049613655","0,152077634","0,186748984","0,481182471","0,667020454","0,37744253","0,11884031","0,03530697","0,437857408","0,265630651","0,017851621","0,021154425","0,369950743","0,06726951","0,163876363","0,023794237","0,176256342","0,001105778","0,077999083","0,024559489","0,00127863","0,012198369","0,000869375","0,008948205","0,118258891","0,029542593","0,00450295","0,001906129","0,000285945","0,013001882","0,003353104","0,033385112","0,004619679","0,001121756","0,003019048","0,049696028","0,05867916","0,010250739","0,119879203","0,026177011",0,0
ESP_D35,"0,030507025","0,002749686","0,000655327","0,038893473","0,091995394","0,013346669","0,044779425","0,097484562","0,007585907","0,007222238","0,197643712","0,028076816","0,031926406","0,067914266","0,182473585","0,040137778","0,018015587","0,026109651","0,076628365","0,10915213","0,005063872","0,00958436","0,015809959","1,995433845","0,006968201","0,019120333","0,21298746","0,025615181","0,097308356","0,050898068","0,136596652","0,00034781","0,0091526","0,08043409","0,006151537","0,05637012","0,00437172","0,003491342","0,023640369","0,01245526","0,025675977","0,014319591","0,001583734","0,112575913","0,026842603","0,27779447","0,007089888","0,003387793","0,002443218","0,039416311","0,090137743","0,078741836","0,120898182","0,056160424",0,0
ESP_E36,"0,000948369","0,000215857","2,19E-05","0,001838614","0,004833077","0,00077891","0,005695571","0,027125929","0,000326496","0,000597753","0,00218727","0,001457972","0,01634257","0,003585668","0,07728513","0,002391456","0,001409645","0,001046953","0,003829485","0,001515263","0,000433266","0,001059488","0,001076124","0,03375226","0,000381724","0,180411094","0,036067235","0,002330602","0,013063516","0,004666248","0,003496542","2,57E-05","0,002633822","0,004577199","0,000348799","0,005842073","0,000704323","0,000637957","0,00141327","0,002476365","0,006375711","0,005521759","0,000864304","0,174991045","0,006970858","0,026297264","0,00085881","0,00063693","0,00043917","0,013687404","0,008147499","0,003300061","0,009569074","0,003731246",0,0
ESP_E37-39,"0,014192646","0,001681434","0,000100604","0,010237996","0,083272681","0,016447361","0,194061568","1,017674733","0,003003559","0,002894443","0,02676259","0,020126931","0,597982993","0,105142974","2,923070317","0,03422325","0,022768802","0,025488729","0,055362543","0,018449248","0,008654922","0,023268058","0,011688385","1,185348227","0,004367343","6,942726982","0,071338357","0,043005069","0,21372746","0,066113613","0,043963099","0,000114662","0,002660991","0,040701815","0,00192987","0,129668106","0,008376746","0,005788175","0,008680484","0,023205069","0,075150795","0,11636745","0,021721683","6,01411753","0,10140539","0,015496281","0,008853236","0,011785905","0,011523831","0,092043851","0,085903339","0,038419628","0,204366945","0,054318868",0,0
ESP_F,"0,055039956","0,028516113","0,004237271","0,04142441","0,19474183","0,033795718","0,140321988","0,058220556","0,028366565","0,040372118","0,115364371","0,071161064","0,06805649","0,168291004","0,141428712","0,150729688","0,048743767","0,099631753","0,54533441","0,319174119","0,032943253","0,043987302","0,145390427","0,158596472","0,077402639","0,130869874","7,953127859","0,069750025","0,353481444","0,326641978","0,194032827","0,000638628","0,00649265","0,447266312","0,028233231","0,482158309","0,013722354","0,016816068","0,01861381","0,045239625","0,11609844","0,020683119","0,009179211","2,581864353","0,097216698","0,054121959","0,018805176","0,009534143","0,013603439","0,116432221","0,329302513","0,284933385","0,350618894","0,243731103",0,0
ESP_G45,"0,083652486","0,001926015","0,00065211","0,011669943","0,331237595","0,355810786","0,058452399","0,095159922","0,021103518","0,028980585","0,965087657","1,363258356","0,217324606","0,095146443","0,155343909","0,13861601","0,177125083","0,21199032","0,618947397","0,906973004","0,089788824","0,139045469","0,124698559","0,025889552","0,003480654","0,067109497","0,387645923","0,220586651","0,12051924","0,043663536","0,09761753","0,000322049","0,018517857","0,036930336","0,000696763","0,077724443","0,003486261","0,007458484","0,052469505","0,033420362","0,013212129","0,007199962","0,002136466","0,066884346","0,019317465","0,029087722","0,04210011","0,004377636","0,062650266","0,04387982","0,040897926","0,013477342","1,972976463","0,034548747",0,0
ESP_G46,"0,44171741","0,009765474","0,003131101","0,06105416","1,803730742","1,88581045","0,311378497","0,513460666","0,112147087","0,154973005","5,11081219","7,123163481","1,153251298","0,499230061","0,834402779","0,731871539","0,934656404","1,114052508","3,195427112","4,414134588","0,456000246","0,733842936","0,661166458","0,127444126","0,016135148","0,348336326","2,0466778","0,694786255","0,556453708","0,208453419","0,150618853","0,000976856","0,043934107","0,064401696","0,003485562","0,469982983","0,017036808","0,039827187","0,282369833","0,171168549","0,075700118","0,042551134","0,010801052","0,391858047","0,080998206","0,203919799","0,222471018","0,024041052","0,326006837","0,179468584","0,191244233","0,068465182","10,28903433","0,170816548",0,0
ESP_G47,"0,15119074","0,003040348","0,001107444","0,01888296","0,626636508","0,627982452","0,097576457","0,166446421","0,036591073","0,050703319","1,699782131","2,400178429","0,380906351","0,161216495","0,270877638","0,239628342","0,31146829","0,367886691","1,066360194","1,482943147","0,152362618","0,241755178","0,218757855","0,038273476","0,005353881","0,104845254","0,667092456","0,232914435","0,175807761","0,067601081","0,043927693","0,000293496","0,012190524","0,019321461","0,001020153","0,175543913","0,005467613","0,013918089","0,093715715","0,071016135","0,025538008","0,015465354","0,003625058","0,119900196","0,025584417","0,04827678","0,073969914","0,011197343","0,109488946","0,062552965","0,061436736","0,023184354","3,463384122","0,05585636",0,0
ESP_H49,"0,08829458","0,004403831","0,001346382","0,28846216","2,321546262","0,233368561","1,250456557","1,220056122","0,193330049","0,350757066","1,165680703","0,297758712","0,554279326","1,215303405","1,105537285","0,89502231","0,142932854","0,380857706","1,206907038","0,444291567","0,144396219","0,224282288","0,130319617","0,586659395","0,007826132","0,286108648","1,044043672","0,362704441","5,278803871","0,766724111","5,364003118","0,01596979","0,075048496","0,071307148","0,182541937","0,161512277","0,338234043","0,017652271","0,042449648","0,053513741","0,094119597","0,106241331","0,015552026","0,074160163","0,155761548","0,043559933","0,016321039","0,054221151","0,013695883","0,249649138","0,246002287","0,248241475","0,310292658","0,079070857",0,0
ESP_H50,"0,002620627","0,000216548","6,17E-06","0,006023246","0,058689712","0,016750127","0,028056973","0,046474157","0,003765234","0,014744509","0,033244155","0,017739997","0,012217564","0,025461746","0,139463809","0,02054299","0,0038172","0,023792668","0,067118212","0,014266361","0,00492183","0,005006732","0,003759255","0,008555599","0,000164731","0,005033562","0,026030153","0,007548435","1,774234859","0,014877439","0,01299456","0,00012761","0,00632945","0,005178475","0,000158337","0,002717739","0,006635038","0,000146678","0,000654818","0,000879527","0,000351176","0,000238301","5,93E-05","0,001578575","0,005655065","0,001215734","0,000581321","0,000137038","0,00074174","0,095270741","0,002199972","0,001718744","0,023948545","0,00193924",0,0
ESP_H51,"0,015770183","0,0033575","0,000560455","0,025654472","0,424231323","0,061931566","0,088494642","0,073499636","0,013110996","0,016309322","0,17145521","0,117009955","0,142279001","0,148335828","0,140971851","0,28896864","0,143899749","0,171249855","0,472660128","0,139521847","0,499485168","0,100941257","0,343098199","0,197931421","0,013901231","0,106310033","0,540592564","0,226773897","1,460034456","0,408429949","0,471789342","0,001741892","4,040142385","0,187899213","0,060753609","0,17065491","0,032207573","0,052598292","0,076580806","0,108781188","0,383962988","0,649467785","0,046233222","0,076647323","0,801275552","0,148216414","0,049756964","0,059208189","0,031837698","1,864308938","0,457157402","0,166598316","0,376634973","0,258794562",0,0
ESP_H52,"0,037591479","0,005321011","0,000190679","0,091511919","0,649113001","0,058049059","0,302629625","0,248433688","0,046689327","0,076424232","0,252317689","0,087309002","0,126660396","0,277698812","0,293776621","0,216048625","0,04037437","0,136243896","0,322185319","0,135847421","0,028849861","0,069807125","0,039964957","0,796943657","0,002488787","0,206147564","0,322959605","0,119742476","2,117851534","0,309645537","2,675465512","0,045424259","3,062768319","3,039685946","0,004423536","0,056069123","0,070013534","0,005782913","0,022404351","0,020471229","0,035936631","0,019080591","0,00603652","0,043764148","0,0785572","0,019531398","0,00549426","0,027972645","0,00633793","0,133599954","0,063298934","0,021412651","0,139642562","0,03933814",0,0
ESP_H53,"0,000808849","9,98E-05","7,48E-06","0,002092029","0,043899439","0,002596199","0,004798473","0,004520317","0,002301883","0,001884021","0,009549846","0,004704987","0,003995867","0,005844987","0,007117436","0,007388709","0,003075999","0,002735922","0,013382765","0,003734488","0,002094512","0,003637088","0,003001555","0,007573657","0,000329703","0,002755055","0,008530479","0,009030374","0,058083786","0,02158432","0,015236889","6,68E-05","0,003710382","0,00686294","0,02510428","0,004360001","0,008945936","0,008120505","0,015366456","0,006779919","0,034475939","0,011552239","0,002653548","0,00499665","0,016390613","0,004395435","0,000908386","0,065337784","0,001703795","0,015374304","0,010685247","0,003187997","0,007965104","0,014708158",0,0
ESP_I,"0,057986597","0,005906792","0,001487438","0,049961846","0,95808126","0,091746105","0,126828478","0,083413633","0,013134298","0,015060136","0,237392429","0,180100098","0,086245344","0,140571208","0,189523861","0,342252027","0,190869245","0,076879566","0,699817856","0,161786165","0,076702383","0,139695176","0,169486632","0,385013067","0,022600167","0,153861473","0,812174644","0,305208884","2,022654831","0,640316586","0,528201579","0,009646976","0,652601671","0,250787035","0,032335172","1,355785468","0,036127122","0,044303887","0,17796748","0,152972962","0,666739181","0,873973806","0,042411159","0,183259595","0,908125015","0,216140583","0,065271514","0,047569279","0,043126486","5,679611401","0,737718063","0,491423424","0,755073549","0,397856245",0,0
ESP_J58,"0,004676219","0,000606422","1,98E-05","0,010377725","0,274965638","0,017428671","0,019370323","0,03098823","0,061096226","0,008685466","0,071197648","0,036642674","0,024094963","0,026218068","0,034549531","0,04058568","0,025220293","0,019128567","0,085999715","0,030060163","0,014169967","0,029219766","0,021151751","0,043299375","0,002123465","0,015219765","0,044429591","0,062624981","0,336267344","0,142518141","0,03267815","0,00015247","0,018328561","0,035689662","0,020830143","0,026228052","0,059451379","0,053435538","0,10672243","0,102351944","0,231147489","0,079860377","0,018418616","0,035512271","0,110948293","0,028687574","0,007349808","0,551571985","0,012079157","0,109407921","0,066791052","0,026745731","0,061130638","0,083069076",0,0
ESP_J59-60,"0,005168007","0,000854522","5,49E-06","0,016429258","0,495683577","0,021642235","0,025996538","0,024031512","0,021576663","0,013935548","0,076895237","0,038543942","0,03118565","0,038769533","0,054447895","0,0606757","0,029712983","0,021366934","0,115148952","0,026529191","0,020140447","0,034776664","0,028949052","0,067878353","0,003326697","0,022355982","0,05826379","0,088745092","0,509140378","0,210403748","0,050158291","0,000218782","0,029570741","0,055757897","0,034186525","0,038338724","0,090475352","0,319264125","0,178262704","0,113693629","0,359699761","0,119683705","0,026056241","0,044514872","0,164769547","0,044108283","0,008742589","0,918115726","0,019393086","0,172831267","0,080002986","0,025705926","0,056656595","0,128863554",0,0
ESP_J61,"0,017042145","0,001614032","0,000338849","0,017432726","0,184700758","0,023645936","0,021452202","0,022262613","0,016035102","0,00790197","0,063729553","0,057600493","0,027866207","0,029664182","0,03967027","0,054065283","0,028987219","0,020651484","0,159312372","0,07934249","0,015947712","0,025586912","0,028405569","0,059260958","0,003133844","0,024481215","0,159279658","0,078145993","0,394227682","0,184230467","0,043358759","0,000335015","0,012201606","0,103333039","0,019692646","0,065916147","0,05378712","0,116207012","1,466353672","0,282346695","0,30160938","0,127973271","0,032327101","0,077436116","0,231967871","0,114301083","0,01490395","0,241514789","0,017127541","0,129133765","0,164682392","0,04696068","0,173859259","0,116027562",0,0
ESP_J62-63,"0,008908791","0,003672352","0,000187226","0,050773741","0,344844321","0,072620244","0,044923132","0,118421396","0,033906767","0,017501702","0,164480617","0,156855262","0,091622301","0,126036116","0,112082142","0,227400749","0,337684228","0,174490893","0,258305719","0,208898134","0,079450666","0,137671602","0,122935105","0,393172109","0,01330121","0,076149702","0,175944698","0,329276619","1,185319112","0,414243166","0,085808205","4,43E-05","0,024487046","0,159611602","0,018318306","0,108488499","0,111263574","0,09007846","0,311549724","9,166781971","0,954755423","0,955808026","0,144364206","0,138835913","1,38371098","0,253498736","0,082692595","0,221960096","0,043590457","0,348181048","0,25894904","0,179782796","0,604950011","0,335890159",0,0
ESP_K64,"0,009838501","0,001095125","8,28E-05","0,003532694","0,034285893","0,013295371","0,009688787","0,009473593","0,002943488","0,005239904","0,037680736","0,042206902","0,011556571","0,010668395","0,01727496","0,019049158","0,012240585","0,012861699","0,041411885","0,033437517","0,005657116","0,010520761","0,010009825","0,018224754","0,001303365","0,009084798","0,0498091","0,019189984","0,068931394","0,042664987","0,01505279","9,78E-05","0,003421743","0,010682743","0,002059011","0,029489177","0,004597657","0,002701016","0,007721608","0,024328979","0,161752628","0,040075476","0,044598402","0,111584148","0,058320459","0,009649673","0,00478235","0,007611357","0,004449005","0,027457374","0,063544205","0,020256009","0,074347338","0,021377652",0,0
ESP_K65,"0,002645458","0,000239594","6,38E-05","0,001897652","0,01770994","0,004161925","0,004152932","0,003958435","0,001357318","0,000984224","0,011297374","0,011850394","0,004362433","0,005433639","0,005355042","0,008034993","0,00407017","0,003537587","0,015021891","0,008061853","0,002053037","0,004309661","0,003637946","0,005775739","0,000570467","0,003907081","0,022333102","0,010425831","0,040191696","0,030418745","0,010215914","5,57E-05","0,003295176","0,005978956","0,000593154","0,014017363","0,003506825","0,001684925","0,002915841","0,012478067","0,028934416","0,045800397","0,003430736","0,042512998","0,065466269","0,004381718","0,001998331","0,003077196","0,002280851","0,024698665","0,008304119","0,004581092","0,02925825","0,012117635",0,0
ESP_K66,"0,000328419","1,06E-05","2,70E-06","0,000101121","0,001659992","0,001448151","0,000318838","0,000488562","0,000113716","0,000138515","0,003888907","0,005405733","0,00092558","0,000498736","0,000756914","0,000783185","0,000845096","0,000880337","0,002715233","0,003396063","0,000405789","0,000652847","0,000570218","0,000381028","3,10E-05","0,000344591","0,001802428","0,000857844","0,001489693","0,000898384","0,000282372","1,62E-06","5,13E-05","0,000212411","2,23E-05","0,00064367","0,000108133","7,75E-05","0,000353718","0,004122307","0,01989425","0,04215301","0,050773979","0,000645804","0,001473654","0,000309352","0,000223051","0,000192886","0,000296782","0,000540333","0,000389148","0,000138916","0,008050629","0,000474344",0,0
ESP_L68,"0,00163633","0,000510382","4,09E-05","0,00727725","0,042325017","0,002912155","0,003342556","0,003600913","0,002020856","0,002882104","0,009917943","0,005493623","0,005161905","0,004529681","0,009322428","0,008366605","0,003748915","0,002583366","0,015386713","0,005138213","0,001914568","0,003531322","0,004188077","0,010278531","0,000794639","0,003282134","0,098777934","0,009056092","0,057283789","0,023399239","0,007754251","5,55E-05","0,002584772","0,011824648","0,003687865","0,007809066","0,008012084","0,00786619","0,017778871","0,007841365","0,035903304","0,013666672","0,002329329","0,023994969","0,018330362","0,111656084","0,001399005","0,06355126","0,001705668","0,017066617","0,020410341","0,005298306","0,011196858","0,013925998",0,0
ESP_M69_70,"0,019990543","0,004201538","0,001350473","0,065611031","0,712331124","0,084010451","0,150470922","0,127012976","0,055060178","0,027599531","0,221175793","0,13350276","0,128671832","0,198643571","0,176294712","0,320781608","0,136121146","0,110562211","0,50976297","0,108689494","0,061499128","0,153115183","0,137856353","0,178261077","0,025578047","0,13751213","0,966043827","0,402002787","1,665087304","1,36328175","0,265032509","0,00167793","0,017014993","0,178356152","0,02700422","0,580209927","0,159339484","0,069892628","0,113142868","0,320495824","1,422994973","0,364478392","0,11258115","0,272656277","3,432519681","0,170974477","0,058110691","0,174855391","0,090580512","0,714822252","0,309731614","0,139546489","0,647167398","0,528082139",0,0
ESP_M71,"0,034126944","0,014401942","0,000847252","0,262011279","0,117521144","0,019175916","0,022307452","0,059464077","0,006030615","0,070769298","0,121074532","0,078420118","0,099814938","0,023298991","0,186877299","0,122519244","0,07979787","0,036831305","0,254377942","0,12428797","0,016718954","0,016925095","0,073941108","0,169757981","0,008107608","0,034250781","2,720638124","0,048908541","0,527462551","0,07044399","0,104982794","0,00108708","0,003561245","0,217120604","0,025628091","0,013811132","0,007743902","0,003357124","0,14132172","0,04428284","0,208486921","0,163741965","0,001729549","0,271332298","0,181878125","4,966940568","0,025271792","0,012021975","0,006194356","0,13283847","0,486924084","0,057763845","0,16278584","0,048753669",0,0
ESP_M72,"0,000246221","2,02E-05","2,49E-06","0,000259986","0,001719513","0,001025398","0,000259335","0,000507557","0,000122738","0,000144462","0,002760702","0,003669662","0,000764809","0,000509965","0,000710708","0,000863313","0,000795862","0,000703618","0,002056709","0,002432531","0,000357545","0,00059256","0,000439985","0,000931268","3,88E-05","0,000335653","0,002703103","0,001038128","0,003092934","0,001147944","0,000377689","2,09E-06","0,000229092","0,000527429","6,16E-05","0,000527904","0,0002693","0,000216804","0,000660205","0,016709827","0,002253612","0,001978849","0,000298417","0,001350043","0,003180431","0,002923278","0,07468663","0,000566039","0,000248136","0,001521861","0,000989214","0,000480664","0,006152257","0,000864528",0,0
ESP_M73,"0,023132115","0,003895121","9,62E-06","0,075190728","2,041779053","0,096937476","0,1193774","0,108545237","0,094498674","0,062232256","0,348094466","0,168060031","0,141645462","0,176738667","0,249144438","0,275897003","0,132912816","0,096502441","0,526739523","0,115198744","0,091425912","0,157827706","0,132696075","0,305841259","0,015166706","0,101905526","0,266518376","0,403401379","2,344674698","0,9648057","0,22973109","0,001008467","0,13297944","0,255864511","0,157836798","0,168533829","0,416720847","0,415620226","0,795718396","0,324307767","1,652100344","0,535252378","0,117597785","0,203227279","0,737979496","0,198157293","0,03818965","3,417816461","0,07794314","0,722085602","0,368043729","0,113187057","0,24045967","0,583086682",0,0
ESP_M74-75,"0,000710181","7,03E-05","3,83E-06","0,000970809","0,02572625","0,002198343","0,001690294","0,001661266","0,001401163","0,000873207","0,007606759","0,005829817","0,002470066","0,00250679","0,003535266","0,003867921","0,003369462","0,002366624","0,008525333","0,004018204","0,00142619","0,002501755","0,002541483","0,003911122","0,00024359","0,001482025","0,008526726","0,005368638","0,029253073","0,012238256","0,002963312","1,33E-05","0,001627479","0,003384052","0,001925841","0,002682438","0,005087369","0,005105052","0,010369919","0,005770456","0,020286911","0,006695109","0,001465408","0,004027236","0,009253328","0,002597175","0,000908455","0,041613619","0,001439843","0,008967467","0,004926673","0,001682029","0,008746764","0,007561649",0,0
ESP_N,"0,074743687","0,007749583","0,001132739","0,038514164","0,545347795","0,065477526","0,06873386","0,096202032","0,045507779","0,024313935","0,287944105","0,152866479","0,087929526","0,110060323","0,107280959","0,171563487","0,148491641","0,059137764","0,362925914","0,162082058","0,049694081","0,091158534","0,081615285","0,263838679","0,010570023","0,086466235","0,361976518","0,244598251","1,134570086","0,501615432","0,342844312","0,003869616","0,625599954","0,333110695","0,034563123","0,307555636","0,128870746","0,136072744","0,201014209","0,252820706","0,852804971","0,414277182","0,072242211","2,874375782","0,812969114","0,113047969","0,052745714","0,289392728","0,025419528","2,546069423","0,661166236","0,318203973","0,711678491","0,396212327",0,0
ESP_O84,"0,013332111","0,00279749","0,000313798","0,028885215","0,171308569","0,020938906","0,073604694","0,067774049","0,013187869","0,021152782","0,072384039","0,031182772","0,039702203","0,072734602","0,08901027","0,066548742","0,018910892","0,032874664","0,095063493","0,039854399","0,010471491","0,022209205","0,018543348","0,151066218","0,00489821","0,076511466","0,496538022","0,044598136","0,4785803","0,117816888","0,478686327","0,006769325","0,439129011","0,464751086","0,006599433","0,054017503","0,023355599","0,007960779","0,035668048","0,152869865","0,077457384","0,040345035","0,008320282","0,190129128","0,145786997","0,151266619","0,006427827","0,016019982","0,005330898","0,083819535","0,319837361","0,031632712","0,082373335","0,045323561",0,0
ESP_P85,"0,001125203","7,96E-05","2,19E-05","0,000962489","0,01021015","0,003747809","0,001770191","0,002025781","0,000565178","0,00044389","0,007870203","0,009327023","0,002272917","0,002193014","0,002979179","0,004006719","0,002889644","0,002095386","0,009401223","0,006415677","0,001285835","0,002194346","0,002120451","0,004769633","0,000293447","0,001881109","0,008735998","0,004161701","0,018578955","0,006233916","0,00585658","6,27E-05","0,004393973","0,003809846","0,000309589","0,009525577","0,000717256","0,000575415","0,001924514","0,027791472","0,007949822","0,009392866","0,000955562","0,001911187","0,011356196","0,002357683","0,087861828","0,001301096","0,000813701","0,035158974","0,006899333","0,008997253","0,019846408","0,004022432",0,0
ESP_Q,"0,00169708","3,00E-05","8,91E-06","0,000294716","0,017419693","0,003966509","0,002090471","0,001417456","0,001147127","0,000338421","0,010653059","0,137636243","0,003118194","0,002358856","0,001889721","0,002236752","0,002580432","0,003076148","0,006489552","0,008555188","0,00219195","0,005263234","0,00195486","0,00136375","9,60E-05","0,000855121","0,008634058","0,002379945","0,008700086","0,002494408","0,000653785","2,39E-06","0,00026294","0,000644089","0,000104258","0,001830593","0,000544134","0,000713266","0,001303222","0,024057282","0,003415805","0,002841581","0,00050384","0,001448389","0,004524694","0,001098709","0,015139485","0,00349561","0,006131653","0,001979775","0,002685557","0,001196896","0,203452241","0,00200463",0,0
ESP_R-S,"0,004694943","0,000389868","6,52E-05","0,002731668","0,049599409","0,01895227","0,006592089","0,006350864","0,004073027","0,002431777","0,038098523","0,036761645","0,010293828","0,007862282","0,010457547","0,01259077","0,013349018","0,010746061","0,036504412","0,028471052","0,005115375","0,024114057","0,009022167","0,01093903","0,001776976","0,005767195","0,037403426","0,015048291","0,104660824","0,081651604","0,012179908","8,09E-05","0,008347396","0,008629292","0,003690443","0,11131798","0,009410742","0,006418892","0,017526141","0,062462007","0,043128874","0,017308474","0,003428095","0,027897094","0,036803922","0,008804283","0,004787657","0,02049313","0,004673328","0,050515027","0,029567421","0,034897829","0,122940467","0,12979976",0,0
ESP_T,0,0,0,0,0,0,0,0,0,0,0,0,0,0,0,0,0,0,0,0,0,0,0,0,0,0,0,0,0,0,0,0,0,0,0,0,0,0,0,0,0,0,0,0,0,0,0,0,0,0,0,0,0,0,0,0
ESP_U,0,0,0,0,0,0,0,0,0,0,0,0,0,0,0,0,0,0,0,0,0,0,0,0,0,0,0,0,0,0,0,0,0,0,0,0,0,0,0,0,0,0,0,0,0,0,0,0,0,0,0,0,0,0,0,0